{"cameraMode":{"drawMode":0,"name":"Shaded","section":"Shading Mode"},"sceneLighting":false,"audioPlay":false,"sceneViewState":{"showFog":true,"showMaterialUpdate":false,"showSkybox":false,"showFlares":true,"showImageEffects":true,"showParticleSystems":true},"in2DMode":false,"pivot":{"x":3.66391658782959,"y":-2.363347291946411,"z":-13.06175422668457},"rotation":{"x":0.005575773771852255,"y":-0.9825485944747925,"z":0.18367981910705567,"w":0.02976333349943161},"size":2.6121532917022707,"orthographic":false}