{"cameraMode":{"drawMode":0,"name":"Shaded","section":"Shading Mode"},"sceneLighting":false,"audioPlay":false,"sceneViewState":{"showFog":true,"showMaterialUpdate":false,"showSkybox":true,"showFlares":true,"showImageEffects":true,"showParticleSystems":true},"in2DMode":false,"pivot":{"x":9.92444896697998,"y":-6.737044334411621,"z":-31.034366607666017},"rotation":{"x":-0.0014448871370404959,"y":-0.9961437582969666,"z":0.08869509398937226,"w":-0.013223196379840374},"size":27.338581085205079,"orthographic":false}