{"cameraMode":{"drawMode":0,"name":"Shaded","section":"Shading Mode"},"sceneLighting":false,"audioPlay":false,"sceneViewState":{"showFog":true,"showMaterialUpdate":false,"showSkybox":false,"showFlares":true,"showImageEffects":true,"showParticleSystems":true},"in2DMode":false,"pivot":{"x":-8.798723220825196,"y":-1.1742464303970338,"z":8.537667274475098},"rotation":{"x":-0.05166075751185417,"y":0.30652332305908205,"z":-0.016685079783201219,"w":-0.9504051208496094},"size":1.2247449159622193,"orthographic":false}