{"cameraMode":{"drawMode":0,"name":"Shaded","section":"Shading Mode"},"sceneLighting":false,"audioPlay":false,"sceneViewState":{"showFog":true,"showMaterialUpdate":false,"showSkybox":true,"showFlares":true,"showImageEffects":true,"showParticleSystems":true},"in2DMode":false,"pivot":{"x":4.154698371887207,"y":3.392373561859131,"z":1.285109043121338},"rotation":{"x":-0.08954299241304398,"y":-0.5584061741828919,"z":0.06058467552065849,"w":-0.8226628303527832},"size":1.2247449159622193,"orthographic":false}