{"cameraMode":{"drawMode":0,"name":"Shaded","section":"Shading Mode"},"sceneLighting":false,"audioPlay":false,"sceneViewState":{"showFog":true,"showMaterialUpdate":false,"showSkybox":false,"showFlares":true,"showImageEffects":true,"showParticleSystems":true},"in2DMode":false,"pivot":{"x":18.811599731445314,"y":5.81279993057251,"z":7.900000095367432},"rotation":{"x":-0.0007396746659651399,"y":-0.9976416826248169,"z":0.07075751572847367,"w":-0.007265050895512104},"size":10.0,"orthographic":false}