{"cameraMode":{"drawMode":0,"name":"Shaded","section":"Shading Mode"},"sceneLighting":false,"audioPlay":false,"sceneViewState":{"showFog":true,"showMaterialUpdate":false,"showSkybox":true,"showFlares":true,"showImageEffects":true,"showParticleSystems":true},"in2DMode":false,"pivot":{"x":9.284899711608887,"y":-4.793140411376953,"z":-31.36077880859375},"rotation":{"x":-0.0007396746659651399,"y":-0.9976416826248169,"z":0.07075751572847367,"w":-0.007265050895512104},"size":27.338581085205079,"orthographic":false}