{"cameraMode":{"drawMode":0,"name":"Shaded","section":"Shading Mode"},"sceneLighting":false,"audioPlay":false,"sceneViewState":{"showFog":true,"showMaterialUpdate":false,"showSkybox":false,"showFlares":true,"showImageEffects":true,"showParticleSystems":true},"in2DMode":false,"pivot":{"x":-0.21572786569595338,"y":-0.017692506313323976,"z":0.5147650241851807},"rotation":{"x":0.12400749325752258,"y":-0.05207984521985054,"z":0.006517522037029266,"w":0.990892231464386},"size":2.680983543395996,"orthographic":false}